<?xml version="1.0" encoding="UTF-8" ?>
<document>
<!--The data in this file is primarily intended for consumption by Xilinx tools.
The structure and the elements are likely to change over the next few releases.
This means code written to parse this file will need to be revisited each subsequent release.-->
<<<<<<< HEAD
<application name="pa" timeStamp="Wed Dec 13 14:45:49 2023">
<section name="Project Information" visible="false">
<property name="ProjectID" value="e9af446a37224ecc86bfd42760a71072" type="ProjectID"/>
<property name="ProjectIteration" value="23" type="ProjectIteration"/>
=======
<<<<<<< HEAD
<<<<<<< main
<<<<<<< main
<application name="pa" timeStamp="Tue Dec 12 22:16:54 2023">
<section name="Project Information" visible="false">
<property name="ProjectID" value="8e73afae3f63421c943d6ddca538b475" type="ProjectID"/>
<property name="ProjectIteration" value="99" type="ProjectIteration"/>
=======
<application name="pa" timeStamp="Wed Dec 13 06:48:35 2023">
<section name="Project Information" visible="false">
<property name="ProjectID" value="e9af446a37224ecc86bfd42760a71072" type="ProjectID"/>
<property name="ProjectIteration" value="14" type="ProjectIteration"/>
>>>>>>> tb working echo
=======
<application name="pa" timeStamp="Wed Dec 13 07:05:41 2023">
<section name="Project Information" visible="false">
<property name="ProjectID" value="e9af446a37224ecc86bfd42760a71072" type="ProjectID"/>
<property name="ProjectIteration" value="15" type="ProjectIteration"/>
>>>>>>> I think echo is working
=======
<application name="pa" timeStamp="Wed Dec 13 07:05:41 2023">
<section name="Project Information" visible="false">
<property name="ProjectID" value="e9af446a37224ecc86bfd42760a71072" type="ProjectID"/>
<property name="ProjectIteration" value="15" type="ProjectIteration"/>
>>>>>>> d5afa2492b10206a6157e7f9f362131d766a4c94
>>>>>>> c8750dbdc701453d2d2ec670764e5d1e96294522
</section>
<section name="PlanAhead Usage" visible="true">
<item name="Project Data">
<property name="SrcSetCount" value="1" type="SrcSetCount"/>
<property name="ConstraintSetCount" value="1" type="ConstraintSetCount"/>
<property name="DesignMode" value="RTL" type="DesignMode"/>
<property name="SynthesisStrategy" value="Vivado Synthesis Defaults" type="SynthesisStrategy"/>
<property name="ImplStrategy" value="Vivado Implementation Defaults" type="ImplStrategy"/>
</item>
<item name="Java Command Handlers">
<<<<<<< HEAD
<<<<<<< main
<property name="AddSources" value="13" type="JavaHandler"/>
<property name="AutoConnectTarget" value="56" type="JavaHandler"/>
<property name="CloseProject" value="3" type="JavaHandler"/>
<property name="CoreView" value="6" type="JavaHandler"/>
<property name="CustomizeCore" value="5" type="JavaHandler"/>
<property name="EditRedo" value="1" type="JavaHandler"/>
<property name="EditUndo" value="1" type="JavaHandler"/>
<property name="LaunchProgramFpga" value="107" type="JavaHandler"/>
<property name="NewProject" value="1" type="JavaHandler"/>
<property name="OpenExistingReport" value="1" type="JavaHandler"/>
<property name="OpenHardwareManager" value="60" type="JavaHandler"/>
<property name="OpenProject" value="1" type="JavaHandler"/>
<property name="OpenRecentTarget" value="11" type="JavaHandler"/>
<property name="ProgramDevice" value="4" type="JavaHandler"/>
<property name="RefreshDevice" value="44" type="JavaHandler"/>
<property name="ReportTimingSummary" value="12" type="JavaHandler"/>
<property name="RunBitgen" value="100" type="JavaHandler"/>
<property name="RunImplementation" value="10" type="JavaHandler"/>
<property name="RunSynthesis" value="17" type="JavaHandler"/>
<property name="SaveFileProxyHandler" value="9" type="JavaHandler"/>
<property name="SetTopNode" value="5" type="JavaHandler"/>
<property name="ShowView" value="20" type="JavaHandler"/>
<property name="SimulationBreak" value="67" type="JavaHandler"/>
<property name="SimulationRelaunch" value="4" type="JavaHandler"/>
<property name="SimulationRestart" value="167" type="JavaHandler"/>
<property name="SimulationRun" value="233" type="JavaHandler"/>
<property name="SimulationRunAll" value="68" type="JavaHandler"/>
<property name="SimulationRunForTime" value="111" type="JavaHandler"/>
<property name="ToolsSettings" value="11" type="JavaHandler"/>
<property name="ToolsTemplates" value="1" type="JavaHandler"/>
<property name="UnselectAllCmdHandler" value="1" type="JavaHandler"/>
<property name="ViewTaskImplementation" value="7" type="JavaHandler"/>
<property name="ViewTaskSynthesis" value="2" type="JavaHandler"/>
=======
=======
>>>>>>> d5afa2492b10206a6157e7f9f362131d766a4c94
<property name="AddSources" value="1" type="JavaHandler"/>
<<<<<<< HEAD
<property name="AutoConnectTarget" value="16" type="JavaHandler"/>
<property name="EditUndo" value="1" type="JavaHandler"/>
<property name="LaunchProgramFpga" value="25" type="JavaHandler"/>
<property name="OpenHardwareManager" value="12" type="JavaHandler"/>
<property name="OpenRecentTarget" value="1" type="JavaHandler"/>
<property name="RefreshDevice" value="20" type="JavaHandler"/>
<property name="RunBitgen" value="24" type="JavaHandler"/>
<property name="SaveFileProxyHandler" value="4" type="JavaHandler"/>
<property name="ShowView" value="13" type="JavaHandler"/>
<property name="SimulationBreak" value="54" type="JavaHandler"/>
<property name="SimulationRestart" value="67" type="JavaHandler"/>
<property name="SimulationRun" value="84" type="JavaHandler"/>
<property name="SimulationRunForTime" value="71" type="JavaHandler"/>
<property name="ViewTaskImplementation" value="1" type="JavaHandler"/>
=======
<property name="AutoConnectTarget" value="10" type="JavaHandler"/>
<property name="LaunchProgramFpga" value="17" type="JavaHandler"/>
<property name="OpenHardwareManager" value="7" type="JavaHandler"/>
<property name="RefreshDevice" value="12" type="JavaHandler"/>
<property name="RunBitgen" value="16" type="JavaHandler"/>
<property name="SaveFileProxyHandler" value="2" type="JavaHandler"/>
<property name="ShowView" value="10" type="JavaHandler"/>
<property name="SimulationBreak" value="44" type="JavaHandler"/>
<property name="SimulationRestart" value="56" type="JavaHandler"/>
<property name="SimulationRun" value="69" type="JavaHandler"/>
<property name="SimulationRunForTime" value="59" type="JavaHandler"/>
<<<<<<< HEAD
>>>>>>> tb working echo
<property name="WaveformSaveConfiguration" value="2" type="JavaHandler"/>
</item>
<item name="Gui Handlers">
<<<<<<< main
<<<<<<< main
<property name="AbstractFileView_RELOAD" value="4" type="GuiHandlerData"/>
<property name="AddRepositoryInfoDialog_OK" value="1" type="GuiHandlerData"/>
<property name="AddSrcWizard_SPECIFY_HDL_NETLIST_BLOCK_DESIGN" value="3" type="GuiHandlerData"/>
<property name="AddSrcWizard_SPECIFY_OR_CREATE_CONSTRAINT_FILES" value="1" type="GuiHandlerData"/>
<property name="AddSrcWizard_SPECIFY_SIMULATION_SPECIFIC_HDL_FILES" value="2" type="GuiHandlerData"/>
<property name="BaseDialog_APPLY" value="10" type="GuiHandlerData"/>
<property name="BaseDialog_CANCEL" value="41" type="GuiHandlerData"/>
<property name="BaseDialog_CLOSE" value="1" type="GuiHandlerData"/>
<property name="BaseDialog_NO" value="1" type="GuiHandlerData"/>
<property name="BaseDialog_OK" value="292" type="GuiHandlerData"/>
<property name="BaseDialog_YES" value="83" type="GuiHandlerData"/>
<property name="BoardChooser_BOARD_TABLE" value="1" type="GuiHandlerData"/>
<property name="CheckTimingResultTreeTablePanel_CHECK_TIMING_RESULT_TREE_TABLE" value="3" type="GuiHandlerData"/>
<property name="ClockSummaryTreeTablePanel_CLOCK_SUMMARY_TREE_TABLE" value="5" type="GuiHandlerData"/>
<property name="ClosePlanner_CANCEL" value="1" type="GuiHandlerData"/>
<property name="CmdMsgDialog_MESSAGES" value="1" type="GuiHandlerData"/>
<property name="CmdMsgDialog_OK" value="76" type="GuiHandlerData"/>
<property name="CmdMsgDialog_OPEN_MESSAGES_VIEW" value="1" type="GuiHandlerData"/>
<property name="CommandsInput_TYPE_TCL_COMMAND_HERE" value="1" type="GuiHandlerData"/>
<property name="ConfirmSaveTextEditsDialog_NO" value="3" type="GuiHandlerData"/>
<property name="ConstraintsChooserPanel_ADD_FILES" value="1" type="GuiHandlerData"/>
<property name="CoreTreeTablePanel_CORE_TREE_TABLE" value="21" type="GuiHandlerData"/>
<property name="CreateSrcFileDialog_FILE_NAME" value="1" type="GuiHandlerData"/>
<property name="DesignTimingSumSectionPanel_WORST_NEGATIVE_SLACK" value="2" type="GuiHandlerData"/>
<property name="ExpReportTreePanel_EXP_REPORT_TREE_TABLE" value="4" type="GuiHandlerData"/>
<property name="ExpRunTreePanel_EXP_RUN_TREE_TABLE" value="32" type="GuiHandlerData"/>
<property name="FileSetPanel_FILE_SET_PANEL_TREE" value="804" type="GuiHandlerData"/>
<property name="FileSetPanel_MESSAGES" value="1" type="GuiHandlerData"/>
<property name="FindAndReplaceAllDialog_CLOSE" value="1" type="GuiHandlerData"/>
<property name="FindAndReplaceAllDialog_FIND" value="1" type="GuiHandlerData"/>
<property name="FindInFilesView_REPLACE_ALL_OCCURRENCES_IN_SELECTED" value="3" type="GuiHandlerData"/>
<property name="FindInFilesView_ROOT" value="6" type="GuiHandlerData"/>
<property name="FlowNavigatorTreePanel_FLOW_NAVIGATOR_TREE" value="521" type="GuiHandlerData"/>
<property name="GettingStartedView_CREATE_NEW_PROJECT" value="1" type="GuiHandlerData"/>
<property name="GettingStartedView_OPEN_PROJECT" value="1" type="GuiHandlerData"/>
<property name="GraphicalView_ZOOM_FIT" value="63" type="GuiHandlerData"/>
<property name="GraphicalView_ZOOM_IN" value="1673" type="GuiHandlerData"/>
<property name="GraphicalView_ZOOM_OUT" value="2295" type="GuiHandlerData"/>
<property name="HCodeEditor_CLOSE" value="9" type="GuiHandlerData"/>
<property name="HCodeEditor_SEARCH_TEXT_COMBO_BOX" value="62" type="GuiHandlerData"/>
<property name="HInputHandler_REPLACE_TEXT" value="2" type="GuiHandlerData"/>
<property name="HJFileChooserRecentListPreview_RECENT_DIRECTORIES" value="1" type="GuiHandlerData"/>
<property name="HPopupTitle_CLOSE" value="1" type="GuiHandlerData"/>
<property name="HardwareTreePanel_HARDWARE_TREE_TABLE" value="2" type="GuiHandlerData"/>
<property name="IPCoreView_TABBED_PANE" value="2" type="GuiHandlerData"/>
<property name="IntraClocksSectionPanel_INTRA_CLOCKS_SECTION_TABLE" value="29" type="GuiHandlerData"/>
<property name="LaunchPanel_GENERATE_SCRIPTS_ONLY" value="1" type="GuiHandlerData"/>
<property name="LaunchPanel_LAUNCH_RUNS_ON_LOCAL_HOST" value="1" type="GuiHandlerData"/>
<property name="LogPanel_LOG_NAVIGATOR" value="1" type="GuiHandlerData"/>
<property name="MainMenuMgr_CHECKPOINT" value="1" type="GuiHandlerData"/>
=======
<property name="BaseDialog_CANCEL" value="5" type="GuiHandlerData"/>
<property name="BaseDialog_OK" value="30" type="GuiHandlerData"/>
<property name="BaseDialog_YES" value="14" type="GuiHandlerData"/>
=======
<property name="BaseDialog_CANCEL" value="7" type="GuiHandlerData"/>
<property name="BaseDialog_OK" value="32" type="GuiHandlerData"/>
<property name="BaseDialog_YES" value="15" type="GuiHandlerData"/>
>>>>>>> I think echo is working
<property name="CmdMsgDialog_OK" value="12" type="GuiHandlerData"/>
<property name="CreateSrcFileDialog_FILE_NAME" value="1" type="GuiHandlerData"/>
=======
>>>>>>> c8750dbdc701453d2d2ec670764e5d1e96294522
<property name="WaveformSaveConfiguration" value="2" type="JavaHandler"/>
</item>
<item name="Gui Handlers">
<property name="BaseDialog_CANCEL" value="9" type="GuiHandlerData"/>
<property name="BaseDialog_OK" value="43" type="GuiHandlerData"/>
<property name="BaseDialog_YES" value="23" type="GuiHandlerData"/>
<property name="CmdMsgDialog_OK" value="17" type="GuiHandlerData"/>
<property name="CreateSrcFileDialog_FILE_NAME" value="1" type="GuiHandlerData"/>
<<<<<<< HEAD
<property name="DesignTimingSumSectionPanel_WORST_NEGATIVE_SLACK" value="1" type="GuiHandlerData"/>
<property name="ExpRunTreePanel_EXP_RUN_TREE_TABLE" value="15" type="GuiHandlerData"/>
<property name="FileSetPanel_FILE_SET_PANEL_TREE" value="61" type="GuiHandlerData"/>
<property name="FlowNavigatorTreePanel_FLOW_NAVIGATOR_TREE" value="126" type="GuiHandlerData"/>
<property name="GraphicalView_ZOOM_FIT" value="1" type="GuiHandlerData"/>
<property name="GraphicalView_ZOOM_IN" value="474" type="GuiHandlerData"/>
<property name="GraphicalView_ZOOM_OUT" value="924" type="GuiHandlerData"/>
<property name="LaunchPanel_DONT_SHOW_THIS_DIALOG_AGAIN" value="1" type="GuiHandlerData"/>
=======
>>>>>>> d5afa2492b10206a6157e7f9f362131d766a4c94
<property name="ExpRunTreePanel_EXP_RUN_TREE_TABLE" value="15" type="GuiHandlerData"/>
<property name="FileSetPanel_FILE_SET_PANEL_TREE" value="42" type="GuiHandlerData"/>
<property name="FlowNavigatorTreePanel_FLOW_NAVIGATOR_TREE" value="99" type="GuiHandlerData"/>
<property name="GraphicalView_ZOOM_IN" value="443" type="GuiHandlerData"/>
<property name="GraphicalView_ZOOM_OUT" value="873" type="GuiHandlerData"/>
<<<<<<< HEAD
>>>>>>> tb working echo
=======
>>>>>>> d5afa2492b10206a6157e7f9f362131d766a4c94
>>>>>>> c8750dbdc701453d2d2ec670764e5d1e96294522
<property name="MainMenuMgr_FILE" value="2" type="GuiHandlerData"/>
<property name="MainMenuMgr_PROJECT" value="1" type="GuiHandlerData"/>
<property name="MainMenuMgr_WINDOW" value="24" type="GuiHandlerData"/>
<property name="MsgTreePanel_MESSAGE_VIEW_TREE" value="14" type="GuiHandlerData"/>
<property name="MsgView_INFORMATION_MESSAGES" value="1" type="GuiHandlerData"/>
<property name="NumJobsChooser_NUMBER_OF_JOBS" value="1" type="GuiHandlerData"/>
<property name="PACommandNames_ADD_SOURCES" value="1" type="GuiHandlerData"/>
<property name="PACommandNames_AUTO_CONNECT_TARGET" value="16" type="GuiHandlerData"/>
<property name="PACommandNames_AUTO_UPDATE_HIER" value="4" type="GuiHandlerData"/>
<property name="PACommandNames_DESIGN_RUNS_WINDOW" value="12" type="GuiHandlerData"/>
<property name="PACommandNames_OPEN_HARDWARE_MANAGER" value="10" type="GuiHandlerData"/>
<property name="PACommandNames_SIMULATION_LIVE_BREAK" value="56" type="GuiHandlerData"/>
<property name="PACommandNames_SIMULATION_LIVE_RESTART" value="67" type="GuiHandlerData"/>
<property name="PACommandNames_SIMULATION_LIVE_RUN" value="71" type="GuiHandlerData"/>
<property name="PACommandNames_SIMULATION_LIVE_RUN_ALL" value="1" type="GuiHandlerData"/>
<property name="PACommandNames_SIMULATION_RUN_BEHAVIORAL" value="90" type="GuiHandlerData"/>
<property name="PACommandNames_SIMULATION_RUN_POST_IMPLEMENTATION_TIMING" value="1" type="GuiHandlerData"/>
<property name="PACommandNames_SIMULATION_RUN_POST_SYNTHESIS_FUNCTIONAL" value="1" type="GuiHandlerData"/>
<property name="PAViews_CODE" value="7" type="GuiHandlerData"/>
<property name="PAViews_PROJECT_SUMMARY" value="67" type="GuiHandlerData"/>
<property name="ProgramDebugTab_OPEN_TARGET" value="17" type="GuiHandlerData"/>
<property name="ProgramDebugTab_PROGRAM_DEVICE" value="25" type="GuiHandlerData"/>
<property name="ProgramDebugTab_REFRESH_DEVICE" value="20" type="GuiHandlerData"/>
<property name="ProgramFpgaDialog_PROGRAM" value="22" type="GuiHandlerData"/>
<property name="ProgramFpgaDialog_SPECIFY_BITSTREAM_FILE" value="7" type="GuiHandlerData"/>
<property name="ProgressDialog_CANCEL" value="67" type="GuiHandlerData"/>
<property name="RDICommands_LINE_COMMENT" value="2" type="GuiHandlerData"/>
<property name="RDIViews_WAVEFORM_VIEWER" value="273" type="GuiHandlerData"/>
<property name="RunGadget_SHOW_WARNING_AND_ERROR_MESSAGES_IN_MESSAGES" value="1" type="GuiHandlerData"/>
<property name="SimulationLiveRunForComp_SPECIFY_TIME_AND_UNITS" value="3" type="GuiHandlerData"/>
<property name="SimulationObjectsPanel_SIMULATION_OBJECTS_TREE_TABLE" value="543" type="GuiHandlerData"/>
<property name="SimulationScopesPanel_SIMULATE_SCOPE_TABLE" value="274" type="GuiHandlerData"/>
<property name="SrcChooserPanel_CREATE_FILE" value="2" type="GuiHandlerData"/>
<property name="SrcMenu_IP_HIERARCHY" value="3" type="GuiHandlerData"/>
<property name="StateMonitor_RESET_RUN" value="1" type="GuiHandlerData"/>
<<<<<<< HEAD
<property name="SyntheticaGettingStartedView_RECENT_PROJECTS" value="1" type="GuiHandlerData"/>
<property name="SyntheticaStateMonitor_CANCEL" value="7" type="GuiHandlerData"/>
<property name="TaskBanner_CLOSE" value="10" type="GuiHandlerData"/>
<property name="TimingItemFlatTablePanel_TABLE" value="2" type="GuiHandlerData"/>
<property name="WaveformNameTree_WAVEFORM_NAME_TREE" value="286" type="GuiHandlerData"/>
<property name="WaveformView_GOTO_TIME_0" value="57" type="GuiHandlerData"/>
=======
<property name="SyntheticaStateMonitor_CANCEL" value="6" type="GuiHandlerData"/>
<<<<<<< HEAD
<<<<<<< main
<<<<<<< main
<property name="TaskBanner_CLOSE" value="85" type="GuiHandlerData"/>
<property name="TclConsoleView_TCL_CONSOLE_CODE_EDITOR" value="25" type="GuiHandlerData"/>
<property name="TimingItemFlatTablePanel_TABLE" value="119" type="GuiHandlerData"/>
<property name="TouchpointSurveyDialog_NO" value="3" type="GuiHandlerData"/>
<property name="WaveformNameTree_WAVEFORM_NAME_TREE" value="686" type="GuiHandlerData"/>
<property name="WaveformView_GOTO_LAST_TIME" value="4" type="GuiHandlerData"/>
<property name="WaveformView_GOTO_TIME_0" value="126" type="GuiHandlerData"/>
<property name="WaveformView_NEXT_TRANSITION" value="17" type="GuiHandlerData"/>
<property name="WaveformView_PREVIOUS_TRANSITION" value="9" type="GuiHandlerData"/>
=======
<property name="TaskBanner_CLOSE" value="6" type="GuiHandlerData"/>
=======
<property name="TaskBanner_CLOSE" value="7" type="GuiHandlerData"/>
>>>>>>> I think echo is working
<property name="WaveformNameTree_WAVEFORM_NAME_TREE" value="257" type="GuiHandlerData"/>
<property name="WaveformView_GOTO_TIME_0" value="53" type="GuiHandlerData"/>
>>>>>>> tb working echo
=======
<property name="TaskBanner_CLOSE" value="7" type="GuiHandlerData"/>
<property name="WaveformNameTree_WAVEFORM_NAME_TREE" value="257" type="GuiHandlerData"/>
<property name="WaveformView_GOTO_TIME_0" value="53" type="GuiHandlerData"/>
>>>>>>> d5afa2492b10206a6157e7f9f362131d766a4c94
>>>>>>> c8750dbdc701453d2d2ec670764e5d1e96294522
</item>
</section>
</application>
</document>
